n_nodes,avg_compute_time,med_compute_time,avg_result_time,med_result_time
1,0.398457,0.363086,6.07098,5.94511
2,0.431636,0.378934,6.13284,6.09284
3,0.522621,0.4963,6.10998,6.05332
4,0.523126,0.473409,5.9409,5.75536
