n_nodes,avg_compute_time,med_compute_time,avg_result_time,med_result_time
1,0.598239,0.598239,9.0562,9.0562
2,0.515207,0.515207,5.96868,5.96868
3,0.853155,0.853155,5.80028,5.80028
4,0.704246,0.704246,4.75205,4.75205
