n_nodes,avg_compute_time,med_compute_time,avg_result_time,med_result_time
1,0.632663,0.632663,8.98056,8.98056
2,0.882632,0.882632,6.54328,6.54328
3,0.547402,0.547402,6.60079,6.60079
4,0.754821,0.754821,8.14914,8.14914
