n_nodes,avg_compute_time,med_compute_time,avg_result_time,med_result_time
1,0.406174,0.355123,6.12574,5.97667
2,0.441887,0.40788,6.14289,5.94073
3,0.500987,0.464571,6.20598,6.1037
4,0.572957,0.516261,6.32173,6.22286
