n_nodes,avg_compute_time,med_compute_time,avg_result_time,med_result_time
1,0.355337,0.300981,5.14258,4.72331
2,0.438936,0.376753,5.88933,5.78596
3,0.530936,0.492089,6.54114,6.5152
4,0.58987,0.509003,6.6818,6.52347
