n_nodes,avg_compute_time,med_compute_time,avg_result_time,med_result_time
1,0.511422,0.426443,5.03303,5.04487
2,0.715167,0.642645,5.91272,5.75114
3,0.682692,0.604231,5.4525,5.32467
4,0.727,0.621532,5.81111,5.5736
