n_nodes,avg_compute_time,med_compute_time,avg_result_time,med_result_time
1,0.350071,0.335735,3.14897,3.05688
2,0.452774,0.429316,3.57683,3.46785
3,0.444629,0.421451,3.34549,3.2495
4,0.468909,0.439636,3.50378,3.45722
