n_nodes,avg_compute_time,med_compute_time,avg_result_time,med_result_time
1,0.420517,0.36487,6.29478,6.06772
2,0.420945,0.412033,5.96196,5.85055
3,0.53847,0.496861,7.02959,6.31
4,0.506455,0.446358,5.70119,5.46142
