n_nodes,avg_compute_time,med_compute_time,avg_result_time,med_result_time
1,0.382313,0.382313,12.9033,12.9033
2,1.07076,1.07076,7.76132,7.76132
3,0.437055,0.437055,6.16981,6.16981
4,0.378366,0.378366,6.41836,6.41836
