n_nodes,avg_compute_time,med_compute_time,avg_result_time,med_result_time
1,0.465258,0.465258,6.72145,6.72145
2,0.537327,0.537327,8.01852,8.01852
3,0.674104,0.674104,8.08132,8.08132
4,0.493154,0.493154,5.71003,5.71003
