n_nodes,avg_compute_time,med_compute_time,avg_result_time,med_result_time
1,0.319593,0.307364,3.83925,3.72687
2,0.35691,0.339711,3.93231,3.7809
3,0.397129,0.385078,3.91077,3.80625
4,0.432668,0.41818,3.9514,3.85237
