n_nodes,avg_compute_time,med_compute_time,avg_result_time,med_result_time
1,0.324643,0.285783,4.54671,4.35264
2,0.370888,0.3519,5.20279,5.16583
3,0.450994,0.405509,5.72823,5.54394
4,0.408211,0.385946,5.70558,5.61312
