n_nodes,avg_compute_time,med_compute_time,avg_result_time,med_result_time
1,0.667313,0.667313,9.15841,9.15841
2,0.560484,0.560484,5.33306,5.33306
3,0.742168,0.742168,5.44544,5.44544
4,0.826759,0.826759,8.9885,8.9885
