n_nodes,avg_compute_time,med_compute_time,avg_result_time,med_result_time
1,0.479531,0.413901,5.26791,5.091
2,0.656823,0.592629,5.69932,5.60673
3,0.684095,0.608375,5.42603,5.28824
4,0.738009,0.654184,5.49005,5.46965
