n_nodes,avg_compute_time,med_compute_time,avg_result_time,med_result_time
1,0.630088,0.630088,8.71123,8.71123
2,0.508268,0.508268,6.63969,6.63969
3,0.43393,0.43393,6.37626,6.37626
4,0.398388,0.398388,6.79666,6.79666
