n_nodes,avg_compute_time,med_compute_time,avg_result_time,med_result_time,avg_packet_loss,avg_packet_size
1,0.159197,0.142446,1.20975,1.14267,0,1109.58
2,0.231583,0.209471,1.30591,1.23897,0,1124.52
3,0.269399,0.235657,1.60314,1.4203,0,1140.63
4,0.267082,0.261628,1.57725,1.52528,0.382,1150.61
