n_nodes,avg_compute_time,med_compute_time,avg_result_time,med_result_time
1,0.356053,0.315586,3.60991,3.41267
2,0.490483,0.452889,4.23493,4.05877
3,0.465992,0.41876,4.11299,4.00166
4,0.48829,0.452053,4.46387,4.25479
