n_nodes,avg_compute_time,med_compute_time,avg_result_time,med_result_time
1,0.810344,0.810344,8.59831,8.59831
2,0.77557,0.77557,7.72334,7.72334
3,1.07057,1.07057,7.47577,7.47577
4,0.8801,0.8801,5.95925,5.95925
