n_nodes,avg_compute_time,med_compute_time,avg_result_time,med_result_time
1,0.32392,0.285114,4.75532,4.60137
2,0.405482,0.376244,5.78745,5.53294
3,0.453138,0.418164,6.28623,6.08916
4,0.42967,0.405035,6.17934,5.96493
