n_nodes,avg_compute_time,med_compute_time,avg_result_time,med_result_time
1,0.352335,0.337171,3.18083,3.06037
2,0.456464,0.432578,3.56647,3.47373
3,0.440618,0.42136,3.38698,3.29668
4,0.459683,0.430517,3.53943,3.49496
