n_nodes,avg_compute_time,med_compute_time,avg_result_time,med_result_time
1,0.547911,0.547911,13.9858,13.9858
2,0.611989,0.611989,9.41072,9.41072
3,0.634307,0.634307,7.14748,7.14748
4,0.569739,0.569739,8.24799,8.24799
