n_nodes,avg_compute_time,med_compute_time,avg_result_time,med_result_time
1,0.352427,0.336603,3.15113,3.06364
2,0.450333,0.431084,3.56535,3.46703
3,0.441776,0.422767,3.34661,3.26181
4,0.478973,0.445414,3.53513,3.4761
