n_nodes,avg_compute_time,med_compute_time,avg_result_time,med_result_time
1,0.346277,0.309005,3.6573,3.46459
2,0.482613,0.427018,4.42865,4.2072
3,0.490555,0.430932,4.49629,4.32896
4,0.488131,0.445221,4.67532,4.53817
