n_nodes,avg_compute_time,med_compute_time,avg_result_time,med_result_time
1,0.320449,0.308532,3.83981,3.7457
2,0.380425,0.351841,3.98931,3.8326
3,0.59118,0.575409,4.40518,4.31533
4,0.51548,0.469174,4.17296,4.05102
