n_nodes,avg_compute_time,med_compute_time,avg_result_time,med_result_time
1,0.317614,0.307773,3.85355,3.75236
2,0.35627,0.335259,3.86125,3.76015
3,0.396136,0.385403,3.90769,3.80889
4,0.436597,0.415678,4.04158,3.8672
