n_nodes,avg_compute_time,med_compute_time,avg_result_time,med_result_time
1,0.351513,0.336508,3.15815,3.06341
2,0.463707,0.435447,3.64016,3.4959
3,0.442709,0.419876,3.35452,3.28883
4,0.463995,0.434318,3.56815,3.49924
