n_nodes,avg_compute_time,med_compute_time,avg_result_time,med_result_time
1,0.322452,0.308677,3.86856,3.75749
2,0.364578,0.346338,3.92129,3.8098
3,0.409775,0.39895,3.9482,3.8427
4,0.439479,0.428816,3.97784,3.88098
