n_nodes,avg_compute_time,med_compute_time,avg_result_time,med_result_time
1,0.774465,0.604103,7.05383,6.55922
2,0.741255,0.658548,6.60216,6.26215
3,0.72465,0.681079,6.04865,5.77965
4,0.639724,0.584896,5.4181,5.22988
