n_nodes,avg_compute_time,med_compute_time,avg_result_time,med_result_time
1,0.343617,0.343617,7.751,7.751
2,0.460881,0.460881,6.02632,6.02632
3,0.404549,0.404549,6.51372,6.51372
4,0.452342,0.452342,5.84069,5.84069
