n_nodes,avg_compute_time,med_compute_time,avg_result_time,med_result_time,avg_packet_loss,avg_packet_size
1,0.236963,0.233598,1.42924,1.35286,0,1108.29
2,0.220823,0.215743,1.39302,1.3194,0,1109.45
3,0.21575,0.204966,1.40572,1.31134,0,1109.33
4,0.211304,0.200539,1.3688,1.29644,0.793,1108.31
