n_nodes,avg_compute_time,med_compute_time,avg_result_time,med_result_time,avg_packet_loss,avg_packet_size
1,0.233594,0.231372,1.42447,1.34464,0,1109.42
2,0.223105,0.218076,1.38009,1.32098,0,1108.91
3,0.215769,0.203798,1.38459,1.30975,0,1109.47
4,0.214167,0.199872,1.38494,1.30289,0.745,1109.37
