n_nodes,avg_compute_time,med_compute_time,avg_result_time,med_result_time
1,2.19163,2.19163,8.53621,8.53621
2,0.575576,0.575576,4.17061,4.17061
3,0.454575,0.454575,4.49027,4.49027
4,0.552411,0.552411,3.66151,3.66151
