n_nodes,avg_compute_time,med_compute_time,avg_result_time,med_result_time
1,0.380678,0.337319,4.65261,4.41512
2,0.377011,0.354523,4.6785,4.47003
3,0.387569,0.362111,4.74309,4.49855
4,0.385036,0.359687,5.03474,4.81811
