n_nodes,avg_compute_time,med_compute_time,avg_result_time,med_result_time
1,0.632284,0.632284,6.2927,6.2927
2,1.24909,1.24909,7.53627,7.53627
3,0.861508,0.861508,8.16345,8.16345
4,0.57109,0.57109,5.59448,5.59448
