n_nodes,avg_compute_time,med_compute_time,avg_result_time,med_result_time
1,0.355912,0.330811,4.546,4.44536
2,0.461402,0.444978,4.97051,4.87797
3,0.469225,0.44017,5.05907,4.81538
4,0.452549,0.411626,5.09778,5.04696
