n_nodes,avg_compute_time,med_compute_time,avg_result_time,med_result_time
1,0.522458,0.477614,6.42949,6.26563
2,0.535486,0.488285,6.0568,5.89344
3,0.560974,0.516655,6.03401,5.85009
4,0.742127,0.70257,7.64196,7.41631
