n_nodes,avg_compute_time,med_compute_time,avg_result_time,med_result_time
1,0.406465,0.373784,3.40276,3.16153
2,0.638937,0.546536,3.6588,3.29533
3,0.605725,0.544644,3.22728,2.9282
4,0.594263,0.572013,3.10953,3.05376
