n_nodes,avg_compute_time,med_compute_time,avg_result_time,med_result_time
1,0.389839,0.366931,3.2484,3.11939
2,0.57981,0.524903,3.76552,3.42954
3,0.602456,0.523473,3.53891,3.16842
4,0.675229,0.573676,3.73028,3.28723
