n_nodes,avg_compute_time,med_compute_time,avg_result_time,med_result_time
1,0.383392,0.35646,3.97903,3.78438
2,0.413914,0.403346,3.90563,3.79962
3,0.444592,0.427064,4.00699,3.8569
4,0.532844,0.488957,4.39132,4.07454
