n_nodes,avg_compute_time,med_compute_time,avg_result_time,med_result_time
1,0.386642,0.352668,3.62021,3.41772
2,0.72693,0.586542,5.21754,4.39963
3,0.70969,0.58001,4.67854,4.29371
4,0.538978,0.505639,3.77204,3.67371
