n_nodes,avg_compute_time,med_compute_time,avg_result_time,med_result_time
1,0.554341,0.554341,5.99955,5.99955
2,0.363024,0.363024,5.95529,5.95529
3,0.46297,0.46297,4.55014,4.55014
4,0.718958,0.718958,6.29767,6.29767
