n_nodes,avg_compute_time,med_compute_time,avg_result_time,med_result_time,avg_packet_loss,avg_packet_size
1,0.169284,0.158542,1.19911,1.12689,0,1108.51
2,0.284823,0.259548,1.23481,1.18411,0,1182.17
3,0.322322,0.319966,1.41077,1.34304,0,1255.49
4,0.32109,0.307255,1.48008,1.43786,0.4,1298.24
