n_nodes,avg_compute_time,med_compute_time,avg_result_time,med_result_time
1,0.74963,0.656538,7.24258,6.39156
2,1.17677,1.01744,8.49152,7.82895
3,1.26164,0.951408,8.51411,7.00205
4,0.855648,0.750082,5.51553,5.34027
