n_nodes,avg_compute_time,med_compute_time,avg_result_time,med_result_time
1,0.397649,0.355676,3.70345,3.6079
2,0.611735,0.549222,3.95808,3.73704
3,0.594221,0.543168,3.49368,3.40875
4,0.638453,0.600585,3.60547,3.47862
