n_nodes,avg_compute_time,med_compute_time,avg_result_time,med_result_time
1,0.408571,0.369558,4.19103,3.91714
2,0.455758,0.429299,4.34938,4.01499
3,0.520721,0.470828,4.41449,4.04687
4,0.554347,0.470098,4.39362,3.96009
