n_nodes,avg_compute_time,med_compute_time,avg_result_time,med_result_time
1,0.596565,0.515059,5.53025,5.16554
2,0.913775,0.872668,5.57812,5.51093
3,0.841842,0.785384,4.90316,4.72048
4,0.844175,0.774196,4.86908,4.73446
