n_nodes,avg_compute_time,med_compute_time,avg_result_time,med_result_time
1,0.697757,0.60731,8.83614,8.17136
2,0.749017,0.639782,8.25149,7.50442
3,1.08245,0.95064,9.20199,8.33848
4,0.866474,0.725604,8.30136,7.3463
