n_nodes,avg_compute_time,med_compute_time,avg_result_time,med_result_time
1,0.462431,0.430836,6.07612,5.93205
2,0.623687,0.612426,6.4331,6.37129
3,0.998406,0.882534,9.21161,8.71231
4,2.75699,0.940144,10.6741,8.16075
