n_nodes,avg_compute_time,med_compute_time,avg_result_time,med_result_time
1,0.5835,0.520566,5.54583,5.35891
2,1.02657,0.853436,6.90394,6.4458
3,0.823616,0.750744,5.13204,4.98443
4,0.854085,0.799961,5.13028,4.90693
