n_nodes,avg_compute_time,med_compute_time,avg_result_time,med_result_time
1,0.414553,0.414553,8.75984,8.75984
2,1.17888,1.17888,8.67913,8.67913
3,0.958339,0.958339,6.42782,6.42782
4,1.31973,1.31973,5.65618,5.65618
