n_nodes,avg_compute_time,med_compute_time,avg_result_time,med_result_time
1,0.716716,0.716716,14.0427,14.0427
2,0.565397,0.565397,6.96168,6.96168
3,0.695545,0.695545,6.76558,6.76558
4,0.898546,0.898546,8.20796,8.20796
