n_nodes,avg_compute_time,med_compute_time,avg_result_time,med_result_time
1,0.43043,0.43043,5.38764,5.38764
2,1.15448,1.15448,5.84118,5.84118
3,0.790309,0.790309,5.04153,5.04153
4,0.579037,0.579037,3.80218,3.80218
