n_nodes,avg_compute_time,med_compute_time,avg_result_time,med_result_time
1,0.461128,0.419266,6.10603,5.88456
2,0.527823,0.487252,5.9657,5.74339
3,0.596281,0.549268,6.72042,6.57095
4,0.596505,0.519923,6.10238,6.03296
