n_nodes,avg_compute_time,med_compute_time,avg_result_time,med_result_time
1,0.539555,0.474688,5.06282,4.97785
2,0.865809,0.813327,5.37049,5.32655
3,0.791961,0.721866,4.59523,4.47363
4,0.865243,0.784749,4.76266,4.52234
