n_nodes,avg_compute_time,med_compute_time,avg_result_time,med_result_time
1,0.437279,0.402278,3.71379,3.43187
2,0.714938,0.618409,4.12114,3.74115
3,0.555341,0.535961,2.98982,2.89036
4,0.581604,0.564626,3.08379,3.03373
