n_nodes,avg_compute_time,med_compute_time,avg_result_time,med_result_time
1,0.580825,0.580825,11.3125,11.3125
2,0.37635,0.37635,7.70525,7.70525
3,0.580486,0.580486,6.81924,6.81924
4,0.63319,0.63319,7.35016,7.35016
